[
  {
    "id": "f023808d-f0e1-4f68-85cc-90c9a0b12803",
    "data": [
      {
        "text": "Keen on appt settings package",
        "userDefined": false
      }
    ],
    "isTemplate": false,
    "count": 0,
    "lang": "en",
    "updated": 0
  },
  {
    "id": "33b3f393-10cf-45f0-98df-ebb797976449",
    "data": [
      {
        "text": "Can I know more about appointment setting package?",
        "userDefined": false
      }
    ],
    "isTemplate": false,
    "count": 0,
    "lang": "en",
    "updated": 0
  },
  {
    "id": "34345c9c-9937-4887-b69d-0eb308f7e402",
    "data": [
      {
        "text": "Interested in your lead generation ",
        "userDefined": false
      },
      {
        "text": "through Telemarketing",
        "userDefined": true
      }
    ],
    "isTemplate": false,
    "count": 0,
    "lang": "en",
    "updated": 0
  }
]