[
  {
    "id": "a7c72ad8-88b9-4bef-b0e4-d3927e372a83",
    "data": [
      {
        "text": "Business",
        "userDefined": false
      }
    ],
    "isTemplate": false,
    "count": 0,
    "lang": "en",
    "updated": 0
  },
  {
    "id": "99d8d378-1c9c-4d31-af4d-154e77bcd719",
    "data": [
      {
        "text": "I have business",
        "userDefined": false
      }
    ],
    "isTemplate": false,
    "count": 0,
    "lang": "en",
    "updated": 0
  },
  {
    "id": "fa06b32c-637c-4759-9415-7231edd80c20",
    "data": [
      {
        "text": "Business owner",
        "userDefined": false
      }
    ],
    "isTemplate": false,
    "count": 0,
    "lang": "en",
    "updated": 0
  }
]