[
  {
    "id": "fbab06eb-51c1-4243-b5ca-21f65185029d",
    "data": [
      {
        "text": "Can you distribute in condos?",
        "userDefined": false
      }
    ],
    "isTemplate": false,
    "count": 0,
    "lang": "en",
    "updated": 0
  },
  {
    "id": "202db308-e9d4-4527-817d-ce86f0d085cc",
    "data": [
      {
        "text": "Flyer ",
        "userDefined": false
      },
      {
        "text": "distribution in Condo",
        "userDefined": false
      }
    ],
    "isTemplate": false,
    "count": 0,
    "lang": "en",
    "updated": 0
  },
  {
    "id": "cb5432fd-b61d-4d4f-8fd3-72ef9c741f29",
    "data": [
      {
        "text": "Condominium Distribution",
        "userDefined": false
      }
    ],
    "isTemplate": false,
    "count": 0,
    "lang": "en",
    "updated": 0
  },
  {
    "id": "d94a72fd-620e-4c56-839d-f3c5063a9469",
    "data": [
      {
        "text": "Condo distribution",
        "userDefined": false
      }
    ],
    "isTemplate": false,
    "count": 0,
    "lang": "en",
    "updated": 0
  },
  {
    "id": "4c7566a4-0af6-4f79-9756-f9b324cbf53b",
    "data": [
      {
        "text": "Do you provide ",
        "userDefined": false
      },
      {
        "text": "condo distribution",
        "userDefined": false
      },
      {
        "text": "?",
        "userDefined": false
      }
    ],
    "isTemplate": false,
    "count": 0,
    "lang": "en",
    "updated": 0
  }
]