[
  {
    "id": "03fa3e8f-e007-4001-9763-56d192a4b40b",
    "data": [
      {
        "text": "My email is ",
        "userDefined": false
      },
      {
        "text": "email@sample.com",
        "meta": "@sys.email",
        "alias": "email",
        "userDefined": true
      }
    ],
    "isTemplate": false,
    "count": 0,
    "lang": "en",
    "updated": 0
  },
  {
    "id": "2d4aaefb-b68d-47fe-ac4c-5270733853a9",
    "data": [
      {
        "text": "My name is ",
        "userDefined": false
      },
      {
        "text": "John",
        "meta": "@sys.person",
        "alias": "person-name",
        "userDefined": false
      },
      {
        "text": " from ",
        "userDefined": false
      },
      {
        "text": "Prudential",
        "meta": "@sys.any",
        "alias": "any-company",
        "userDefined": true
      },
      {
        "text": ". My number is ",
        "userDefined": false
      },
      {
        "text": "91234567",
        "meta": "@sys.phone-number",
        "alias": "phone-number",
        "userDefined": false
      },
      {
        "text": ".",
        "userDefined": false
      }
    ],
    "isTemplate": false,
    "count": 0,
    "lang": "en",
    "updated": 0
  },
  {
    "id": "b93b8e6c-b1bc-4cb4-b89f-013564eb7fce",
    "data": [
      {
        "text": "Hi, I would to take up the ",
        "userDefined": false
      },
      {
        "text": "appointment setting package",
        "meta": "@sys.any",
        "alias": "any-package",
        "userDefined": true
      },
      {
        "text": ". How to go about it?",
        "userDefined": false
      }
    ],
    "isTemplate": false,
    "count": 0,
    "lang": "en",
    "updated": 0
  },
  {
    "id": "52afe303-6e55-41c3-8961-eb564ccbc653",
    "data": [
      {
        "text": "Hi, I would to confirm the ",
        "userDefined": false
      },
      {
        "text": "order",
        "userDefined": true
      },
      {
        "text": " for the target lead package. How to go about it?",
        "userDefined": false
      }
    ],
    "isTemplate": false,
    "count": 0,
    "lang": "en",
    "updated": 0
  },
  {
    "id": "db2f2d9c-459f-4eec-b4a4-1a02c7b49cfe",
    "data": [
      {
        "text": "Take up",
        "userDefined": false
      }
    ],
    "isTemplate": false,
    "count": 0,
    "lang": "en",
    "updated": 0
  },
  {
    "id": "f33b57c3-8e5b-43de-a563-7222b1a999b2",
    "data": [
      {
        "text": "Confirm the order",
        "userDefined": false
      }
    ],
    "isTemplate": false,
    "count": 0,
    "lang": "en",
    "updated": 0
  },
  {
    "id": "44d373da-bb18-45c8-b7e5-790448c70cbe",
    "data": [
      {
        "text": "How do we go about it?",
        "userDefined": false
      }
    ],
    "isTemplate": false,
    "count": 0,
    "lang": "en",
    "updated": 0
  }
]