[
  {
    "id": "3a5e8f4b-1c16-4615-a387-e3dcf347cebf",
    "data": [
      {
        "text": "Got email to contact?",
        "userDefined": false
      }
    ],
    "isTemplate": false,
    "count": 0,
    "lang": "en",
    "updated": 0
  },
  {
    "id": "769148bf-9eee-4a73-bc8b-7647b9de35e6",
    "data": [
      {
        "text": "Can I call you?",
        "userDefined": false
      }
    ],
    "isTemplate": false,
    "count": 0,
    "lang": "en",
    "updated": 0
  },
  {
    "id": "7027d7a2-c9e0-4175-991d-037562007144",
    "data": [
      {
        "text": "Got mobile number that I can contact?",
        "userDefined": false
      }
    ],
    "isTemplate": false,
    "count": 0,
    "lang": "en",
    "updated": 0
  },
  {
    "id": "a01f943f-d537-4b28-8587-83446923caeb",
    "data": [
      {
        "text": "Got ",
        "userDefined": false
      },
      {
        "text": "hp",
        "userDefined": false
      },
      {
        "text": " number that I can contact and liase with directly?",
        "userDefined": false
      }
    ],
    "isTemplate": false,
    "count": 0,
    "lang": "en",
    "updated": 0
  }
]