[
  {
    "id": "028695fa-17c6-4231-9d5f-45c280d1cf52",
    "data": [
      {
        "text": "I\u0027m a ",
        "userDefined": false
      },
      {
        "text": "property agent",
        "userDefined": true
      }
    ],
    "isTemplate": false,
    "count": 1,
    "lang": "en",
    "updated": 0
  },
  {
    "id": "00ef7301-cc12-4ffa-8e55-49bcd4b1cded",
    "data": [
      {
        "text": "My name is ",
        "userDefined": false
      },
      {
        "text": "Cecil",
        "meta": "@sys.given-name",
        "alias": "given-name",
        "userDefined": false
      }
    ],
    "isTemplate": false,
    "count": 0,
    "lang": "en",
    "updated": 0
  },
  {
    "id": "908f15b0-4f1e-4b56-b324-f8694a76d24e",
    "data": [
      {
        "text": "I\u0027m interested to know more about your lead generations",
        "userDefined": false
      }
    ],
    "isTemplate": false,
    "count": 0,
    "lang": "en",
    "updated": 0
  },
  {
    "id": "5da00281-c827-40c4-a183-4889401aab26",
    "data": [
      {
        "text": "I\u0027m interested to know more about your services",
        "userDefined": false
      }
    ],
    "isTemplate": false,
    "count": 0,
    "lang": "en",
    "updated": 0
  },
  {
    "id": "f62523d4-58ba-4806-b652-1d3ab6b3e89f",
    "data": [
      {
        "text": "I\u0027m interested in leads",
        "userDefined": false
      }
    ],
    "isTemplate": false,
    "count": 0,
    "lang": "en",
    "updated": 0
  },
  {
    "id": "d614d9d9-6774-407b-b4c9-fa21c2ffd8fa",
    "data": [
      {
        "text": "leads generations",
        "userDefined": false
      }
    ],
    "isTemplate": false,
    "count": 0,
    "lang": "en",
    "updated": 0
  },
  {
    "id": "26036e65-e35d-43b8-a852-94da3feac1f5",
    "data": [
      {
        "text": "Hi i am keen to know more about your lead gen services",
        "userDefined": false
      }
    ],
    "isTemplate": false,
    "count": 0,
    "lang": "en",
    "updated": 0
  },
  {
    "id": "966e2b83-53c2-4c66-93b5-0431d0e592aa",
    "data": [
      {
        "text": "Hi i am keen to find out about your appointment settings appt",
        "userDefined": false
      }
    ],
    "isTemplate": false,
    "count": 0,
    "lang": "en",
    "updated": 0
  },
  {
    "id": "02602419-e0ac-4381-ad42-b7653f615042",
    "data": [
      {
        "text": "Hi i am keen to know more about your lead generations services",
        "userDefined": false
      }
    ],
    "isTemplate": false,
    "count": 0,
    "lang": "en",
    "updated": 0
  },
  {
    "id": "e60ed98a-83d4-43bd-bcdd-b5282f64f5d5",
    "data": [
      {
        "text": "Hi",
        "userDefined": false
      }
    ],
    "isTemplate": false,
    "count": 0,
    "lang": "en",
    "updated": 0
  },
  {
    "id": "328a78ec-dc44-4aea-91a3-0893b23bc8be",
    "data": [
      {
        "text": "Hi i would like to make an enquiry",
        "userDefined": false
      }
    ],
    "isTemplate": false,
    "count": 0,
    "lang": "en",
    "updated": 0
  },
  {
    "id": "20a65e40-cd4e-4431-90b7-dedfe9a9ff0b",
    "data": [
      {
        "text": "Hi can i know more about  your services?",
        "userDefined": false
      }
    ],
    "isTemplate": false,
    "count": 0,
    "lang": "en",
    "updated": 0
  },
  {
    "id": "909c5ffe-0229-45db-81b6-5f512ba56d3e",
    "data": [
      {
        "text": "Hi how much are your rates?",
        "userDefined": false
      }
    ],
    "isTemplate": false,
    "count": 0,
    "lang": "en",
    "updated": 0
  }
]