[
  {
    "id": "eea9a9fc-8043-4fe8-9821-b2f199c7fe2f",
    "data": [
      {
        "text": "Is there a way to check farmer ",
        "userDefined": false
      },
      {
        "text": "distributors",
        "userDefined": false
      },
      {
        "text": "?",
        "userDefined": false
      }
    ],
    "isTemplate": false,
    "count": 0,
    "lang": "en",
    "updated": 0
  },
  {
    "id": "5f2596b0-bbdc-48be-a3f7-f4a187e62b7f",
    "data": [
      {
        "text": "How do I know if they ",
        "userDefined": false
      },
      {
        "text": "farm",
        "userDefined": false
      },
      {
        "text": " my flyers properly?",
        "userDefined": false
      }
    ],
    "isTemplate": false,
    "count": 0,
    "lang": "en",
    "updated": 0
  },
  {
    "id": "63773ee3-41bc-4c3b-b205-4f255c7d2951",
    "data": [
      {
        "text": "How do I know that they have done ",
        "userDefined": false
      },
      {
        "text": "the distribution",
        "userDefined": false
      },
      {
        "text": "?",
        "userDefined": false
      }
    ],
    "isTemplate": false,
    "count": 0,
    "lang": "en",
    "updated": 0
  },
  {
    "id": "17eb7e6c-b729-4862-99f1-80e3574e9358",
    "data": [
      {
        "text": "Do you have a system to check ",
        "userDefined": false
      },
      {
        "text": "distributors",
        "userDefined": false
      },
      {
        "text": "?",
        "userDefined": false
      }
    ],
    "isTemplate": false,
    "count": 0,
    "lang": "en",
    "updated": 0
  }
]