[
  {
    "id": "919c482f-9613-4fb5-b528-d1ee3c30dc1d",
    "data": [
      {
        "text": "Are these leads DNC scanned?",
        "userDefined": false
      }
    ],
    "isTemplate": false,
    "count": 0,
    "lang": "en",
    "updated": 0
  },
  {
    "id": "d09d6ccd-50ed-46d6-af3c-d188893c19db",
    "data": [
      {
        "text": "Are the leads scrubbed from DNC?",
        "userDefined": false
      }
    ],
    "isTemplate": false,
    "count": 0,
    "lang": "en",
    "updated": 0
  },
  {
    "id": "e57ed992-ec40-4c85-b943-ebcdecfb3d0c",
    "data": [
      {
        "text": "Are the leads scanned from DNC registry?",
        "userDefined": false
      }
    ],
    "isTemplate": false,
    "count": 0,
    "lang": "en",
    "updated": 0
  }
]