[
  {
    "id": "0fd5879e-9a76-4d16-ad10-719bf59746c9",
    "data": [
      {
        "text": "I\u0027m in the ",
        "userDefined": false
      },
      {
        "text": "financial industry",
        "userDefined": true
      }
    ],
    "isTemplate": false,
    "count": 0,
    "lang": "en",
    "updated": 0
  },
  {
    "id": "d5bf627d-56b8-4fe3-a918-5bbaadfa4481",
    "data": [
      {
        "text": "I am doing ",
        "userDefined": false
      },
      {
        "text": "insurance",
        "userDefined": true
      }
    ],
    "isTemplate": false,
    "count": 0,
    "lang": "en",
    "updated": 0
  },
  {
    "id": "d2a5b9f0-8de8-43db-9766-8714ae5d22af",
    "data": [
      {
        "text": "I am a ",
        "userDefined": false
      },
      {
        "text": "financial consultant",
        "userDefined": true
      }
    ],
    "isTemplate": false,
    "count": 0,
    "lang": "en",
    "updated": 0
  },
  {
    "id": "c727cc1f-8554-408f-bfd9-5aac21522e2d",
    "data": [
      {
        "text": "I am a ",
        "userDefined": false
      },
      {
        "text": "financial advisor",
        "userDefined": true
      }
    ],
    "isTemplate": false,
    "count": 0,
    "lang": "en",
    "updated": 0
  }
]