[
  {
    "id": "aaa8b123-2b3c-40b2-83be-7fa9faefaaf9",
    "data": [
      {
        "text": "I want to print my flyer",
        "userDefined": false
      }
    ],
    "isTemplate": false,
    "count": 0,
    "lang": "en",
    "updated": 0
  },
  {
    "id": "33db4d3d-c137-4980-9998-c73790b25349",
    "data": [
      {
        "text": "Does this include ",
        "userDefined": false
      },
      {
        "text": "printing",
        "userDefined": false
      },
      {
        "text": "?",
        "userDefined": false
      }
    ],
    "isTemplate": false,
    "count": 0,
    "lang": "en",
    "updated": 0
  },
  {
    "id": "1bfe3c4c-02cb-44b4-bad6-1ccf47a20d22",
    "data": [
      {
        "text": "How much is your ",
        "userDefined": false
      },
      {
        "text": "printing",
        "userDefined": false
      },
      {
        "text": "?",
        "userDefined": false
      }
    ],
    "isTemplate": false,
    "count": 0,
    "lang": "en",
    "updated": 0
  },
  {
    "id": "ddb8f46f-b8c2-4830-83c9-3f1b83b68ca9",
    "data": [
      {
        "text": "Do you provide ",
        "userDefined": false
      },
      {
        "text": "printing",
        "userDefined": false
      },
      {
        "text": "?",
        "userDefined": false
      }
    ],
    "isTemplate": false,
    "count": 0,
    "lang": "en",
    "updated": 0
  },
  {
    "id": "604e7835-c931-4042-bcb6-d89e9ddba11e",
    "data": [
      {
        "text": "Do you also do ",
        "userDefined": false
      },
      {
        "text": "printing",
        "userDefined": false
      },
      {
        "text": "?",
        "userDefined": false
      }
    ],
    "isTemplate": false,
    "count": 0,
    "lang": "en",
    "updated": 0
  }
]