[
  {
    "id": "77bed677-4531-47a3-a9d0-077915989ba1",
    "data": [
      {
        "text": "Flyer distribution",
        "userDefined": false
      }
    ],
    "isTemplate": false,
    "count": 0,
    "lang": "en",
    "updated": 0
  },
  {
    "id": "99d08122-d1f0-4f6e-8754-6dfd036b8f7c",
    "data": [
      {
        "text": "I want to know more about flyer distribution",
        "userDefined": false
      }
    ],
    "isTemplate": false,
    "count": 0,
    "lang": "en",
    "updated": 0
  },
  {
    "id": "829dff1c-5971-4eae-af4e-b803ff4e6a95",
    "data": [
      {
        "text": "How much is the flyer distribution?",
        "userDefined": false
      }
    ],
    "isTemplate": false,
    "count": 0,
    "lang": "en",
    "updated": 0
  }
]