[
  {
    "id": "f567c0cc-e4fa-4800-9e64-3735d6c584dc",
    "data": [
      {
        "text": "Can I distribute to ",
        "userDefined": false
      },
      {
        "text": "Sengkang",
        "meta": "@sys.location",
        "alias": "location",
        "userDefined": true
      },
      {
        "text": " and ",
        "userDefined": false
      },
      {
        "text": "Sembawang",
        "meta": "@sys.location",
        "alias": "location",
        "userDefined": true
      },
      {
        "text": "?",
        "userDefined": false
      }
    ],
    "isTemplate": false,
    "count": 0,
    "lang": "en",
    "updated": 0
  },
  {
    "id": "84b86a02-2bd4-4637-9a96-a3079357403c",
    "data": [
      {
        "text": "Can I do different locations?",
        "userDefined": false
      }
    ],
    "isTemplate": false,
    "count": 0,
    "lang": "en",
    "updated": 0
  },
  {
    "id": "a472358c-f2bb-491f-a3ab-43b522558703",
    "data": [
      {
        "text": "Can I target specific HDB clusters?",
        "userDefined": false
      }
    ],
    "isTemplate": false,
    "count": 0,
    "lang": "en",
    "updated": 0
  },
  {
    "id": "ac127a52-476a-4763-8543-c04651f83b0f",
    "data": [
      {
        "text": "Can I choose the block?",
        "userDefined": false
      }
    ],
    "isTemplate": false,
    "count": 0,
    "lang": "en",
    "updated": 0
  },
  {
    "id": "f2ff55c8-549d-41b6-bff3-33587762c595",
    "data": [
      {
        "text": "Can I choose which blocks to distribute door to door?",
        "userDefined": false
      }
    ],
    "isTemplate": false,
    "count": 0,
    "lang": "en",
    "updated": 0
  }
]