[
  {
    "id": "7f19c93d-1000-4f88-afed-47f9d2cc5d48",
    "data": [
      {
        "text": "Door to door",
        "userDefined": false
      }
    ],
    "isTemplate": false,
    "count": 0,
    "lang": "en",
    "updated": 0
  },
  {
    "id": "39e5cfe0-31ca-4d26-9ffc-0eb8889dad65",
    "data": [
      {
        "text": "HDB door",
        "userDefined": false
      },
      {
        "text": " to door",
        "userDefined": false
      }
    ],
    "isTemplate": false,
    "count": 0,
    "lang": "en",
    "updated": 0
  },
  {
    "id": "b4a405b9-e108-472a-9413-8d112e5fedc2",
    "data": [
      {
        "text": "I want to know more about ",
        "userDefined": false
      },
      {
        "text": "HDB door",
        "userDefined": false
      },
      {
        "text": "-to-door flyer ",
        "userDefined": false
      },
      {
        "text": "distribution",
        "userDefined": false
      }
    ],
    "isTemplate": false,
    "count": 0,
    "lang": "en",
    "updated": 0
  }
]