[
  {
    "id": "640c7b4c-efe7-48b0-9c90-e4b2c0135047",
    "data": [
      {
        "text": "Condominium Distribution",
        "userDefined": false
      }
    ],
    "isTemplate": false,
    "count": 0,
    "lang": "en",
    "updated": 0
  },
  {
    "id": "ad30b75e-04c7-412d-9ff0-097fa1e24dd9",
    "data": [
      {
        "text": "Do you do condo distribution?",
        "userDefined": false
      }
    ],
    "isTemplate": false,
    "count": 0,
    "lang": "en",
    "updated": 0
  },
  {
    "id": "6eb39013-f8c6-44a2-9164-a09198a9eac6",
    "data": [
      {
        "text": "Do you have condo distribution?",
        "userDefined": false
      }
    ],
    "isTemplate": false,
    "count": 0,
    "lang": "en",
    "updated": 0
  },
  {
    "id": "f37b4b1f-c10b-4c28-a18e-2c0fa7806efe",
    "data": [
      {
        "text": "Industrial ",
        "userDefined": false
      },
      {
        "text": "Letterbox Distribution",
        "userDefined": false
      }
    ],
    "isTemplate": false,
    "count": 0,
    "lang": "en",
    "updated": 0
  },
  {
    "id": "99ad45f5-5fa0-4fad-8ef5-5efa4c0db422",
    "data": [
      {
        "text": "Shophouse ",
        "userDefined": false
      },
      {
        "text": "letterbox distribution",
        "userDefined": false
      }
    ],
    "isTemplate": false,
    "count": 0,
    "lang": "en",
    "updated": 0
  },
  {
    "id": "81ffe9fe-719e-476f-abb1-eae975fd7a53",
    "data": [
      {
        "text": "Commercial letterbox distribution",
        "userDefined": false
      }
    ],
    "isTemplate": false,
    "count": 0,
    "lang": "en",
    "updated": 0
  },
  {
    "id": "371a5d7a-c1c0-4dbc-b054-d21393a2fb12",
    "data": [
      {
        "text": "Landed ",
        "userDefined": false
      },
      {
        "text": "letterbox distribution",
        "userDefined": false
      }
    ],
    "isTemplate": false,
    "count": 0,
    "lang": "en",
    "updated": 0
  },
  {
    "id": "bc841c92-4034-4eb9-b42c-85edf24e956c",
    "data": [
      {
        "text": "I\u0027m",
        "userDefined": false
      },
      {
        "text": " interested on landed ",
        "userDefined": false
      },
      {
        "text": "distribution",
        "userDefined": false
      }
    ],
    "isTemplate": false,
    "count": 0,
    "lang": "en",
    "updated": 0
  }
]