[
  {
    "id": "82f022df-801b-4b7e-85a0-449fe9bea290",
    "data": [
      {
        "text": "Leads replacement",
        "userDefined": false
      }
    ],
    "isTemplate": false,
    "count": 0,
    "lang": "en",
    "updated": 0
  },
  {
    "id": "399e59d9-41f6-4bef-be13-11b25e951215",
    "data": [
      {
        "text": "Will there be replacement if the number is not in use or wrong number?",
        "userDefined": false
      }
    ],
    "isTemplate": false,
    "count": 0,
    "lang": "en",
    "updated": 0
  },
  {
    "id": "2e0be682-852e-46bf-a16c-c5ed7ac1b03f",
    "data": [
      {
        "text": "Will there be replacement if the leads are bad?",
        "userDefined": false
      }
    ],
    "isTemplate": false,
    "count": 0,
    "lang": "en",
    "updated": 0
  }
]