[
  {
    "id": "9fee0747-36c8-4180-bd5d-29c2f3575d3c",
    "data": [
      {
        "text": "The leads is quite pricey.",
        "userDefined": false
      }
    ],
    "isTemplate": false,
    "count": 0,
    "lang": "en",
    "updated": 0
  },
  {
    "id": "03d40fa2-f543-4f51-a3f8-483e3cb17398",
    "data": [
      {
        "text": "Can I get a discount?",
        "userDefined": false
      }
    ],
    "isTemplate": false,
    "count": 0,
    "lang": "en",
    "updated": 0
  },
  {
    "id": "9ff690fa-e214-4494-8d76-6a7190afa929",
    "data": [
      {
        "text": "Can you do a better pricing?",
        "userDefined": false
      }
    ],
    "isTemplate": false,
    "count": 0,
    "lang": "en",
    "updated": 0
  }
]