[
  {
    "id": "2cffc7eb-7b50-4669-bbf5-c65d16953498",
    "data": [
      {
        "text": "I only want ",
        "userDefined": false
      },
      {
        "text": "Chinese Singaporean",
        "userDefined": false
      },
      {
        "text": " leads",
        "userDefined": false
      }
    ],
    "isTemplate": false,
    "count": 0,
    "lang": "en",
    "updated": 0
  },
  {
    "id": "628ee1a2-e447-4eb6-8f82-e4a20db590b7",
    "data": [
      {
        "text": "Could we ",
        "userDefined": false
      },
      {
        "text": "target",
        "userDefined": false
      },
      {
        "text": " the income segment for the leads?",
        "userDefined": false
      }
    ],
    "isTemplate": false,
    "count": 0,
    "lang": "en",
    "updated": 0
  },
  {
    "id": "573a0131-1c6a-4c2a-9a5d-6b901a17e69e",
    "data": [
      {
        "text": "Could we ",
        "userDefined": false
      },
      {
        "text": "target",
        "userDefined": false
      },
      {
        "text": " the age segment for the leads?",
        "userDefined": false
      }
    ],
    "isTemplate": false,
    "count": 0,
    "lang": "en",
    "updated": 0
  },
  {
    "id": "b2d5948f-045e-40ce-b99d-c068c5a982d3",
    "data": [
      {
        "text": "Could we ",
        "userDefined": false
      },
      {
        "text": "target",
        "userDefined": false
      },
      {
        "text": " the race segment for the leads?",
        "userDefined": false
      }
    ],
    "isTemplate": false,
    "count": 0,
    "lang": "en",
    "updated": 0
  },
  {
    "id": "5c701597-550b-453f-afb5-9c74970810b0",
    "data": [
      {
        "text": "Could we ",
        "userDefined": false
      },
      {
        "text": "target",
        "userDefined": false
      },
      {
        "text": " the leads segment?",
        "userDefined": false
      }
    ],
    "isTemplate": false,
    "count": 0,
    "lang": "en",
    "updated": 0
  }
]