[
  {
    "id": "1f260d01-e4da-4943-a4a4-ac439d3a276f",
    "data": [
      {
        "text": "Can we zoom",
        "userDefined": false
      }
    ],
    "isTemplate": false,
    "count": 0,
    "lang": "en",
    "updated": 0
  },
  {
    "id": "07861618-9ea9-401f-8b60-15feb0b0f5b8",
    "data": [
      {
        "text": "Can we schedule a zoom meeting?",
        "userDefined": false
      }
    ],
    "isTemplate": false,
    "count": 0,
    "lang": "en",
    "updated": 0
  },
  {
    "id": "0f7368a4-8fa0-4f4c-b8e4-4c235b8db22d",
    "data": [
      {
        "text": "Can we meet?",
        "userDefined": false
      }
    ],
    "isTemplate": false,
    "count": 0,
    "lang": "en",
    "updated": 0
  },
  {
    "id": "021415e6-9da0-47f7-8856-180b841e9a9e",
    "data": [
      {
        "text": "I want to ",
        "userDefined": false
      },
      {
        "text": "rebook",
        "userDefined": true
      },
      {
        "text": " my appointment",
        "userDefined": false
      }
    ],
    "isTemplate": false,
    "count": 0,
    "lang": "en",
    "updated": 0
  },
  {
    "id": "b03996ef-c35d-4516-a0d5-d302cf0caf13",
    "data": [
      {
        "text": "I want to change the date of my appointment",
        "userDefined": false
      }
    ],
    "isTemplate": false,
    "count": 0,
    "lang": "en",
    "updated": 0
  },
  {
    "id": "08445911-2d16-482d-9e6b-be42f4943256",
    "data": [
      {
        "text": "Hi, I\u0027m ",
        "userDefined": false
      },
      {
        "text": "Grace",
        "meta": "@sys.person",
        "alias": "person_name",
        "userDefined": false
      },
      {
        "text": " and I would like to book an appointment.",
        "userDefined": false
      }
    ],
    "isTemplate": false,
    "count": 0,
    "lang": "en",
    "updated": 0
  },
  {
    "id": "f17bf834-f714-4aca-835d-8fa2484fb21c",
    "data": [
      {
        "text": "My email is ",
        "userDefined": false
      },
      {
        "text": "john@sample.com",
        "userDefined": true
      }
    ],
    "isTemplate": false,
    "count": 0,
    "lang": "en",
    "updated": 0
  },
  {
    "id": "bdff4d89-ccfb-4588-8095-4422f19d3cb0",
    "data": [
      {
        "text": "Can we do zoom meeting on ",
        "userDefined": false
      },
      {
        "text": "Thursday at 2pm",
        "userDefined": false
      },
      {
        "text": "?",
        "userDefined": false
      }
    ],
    "isTemplate": false,
    "count": 0,
    "lang": "en",
    "updated": 0
  },
  {
    "id": "9ec8a555-f03e-4329-b474-d4b68771c524",
    "data": [
      {
        "text": "My number is ",
        "userDefined": false
      },
      {
        "text": "91234567",
        "userDefined": false
      }
    ],
    "isTemplate": false,
    "count": 0,
    "lang": "en",
    "updated": 0
  },
  {
    "id": "dfa97da7-f0ae-45b6-9b1b-648664307c21",
    "data": [
      {
        "text": "Hi, my name is ",
        "userDefined": false
      },
      {
        "text": "John",
        "meta": "@sys.person",
        "alias": "person_name",
        "userDefined": false
      }
    ],
    "isTemplate": false,
    "count": 0,
    "lang": "en",
    "updated": 0
  },
  {
    "id": "40caa9a1-8e60-4f51-a489-2f42ef2cf817",
    "data": [
      {
        "text": "I would like to book a zoom meeting",
        "userDefined": false
      }
    ],
    "isTemplate": false,
    "count": 0,
    "lang": "en",
    "updated": 0
  },
  {
    "id": "4b782087-e892-47f7-bf1c-682e9064f1d0",
    "data": [
      {
        "text": "Can I book a zoom appointment?",
        "userDefined": false
      }
    ],
    "isTemplate": false,
    "count": 0,
    "lang": "en",
    "updated": 0
  },
  {
    "id": "b42c3c0e-1a76-4ead-b4a1-de3396581c9a",
    "data": [
      {
        "text": "Can I book an appt?",
        "userDefined": false
      }
    ],
    "isTemplate": false,
    "count": 0,
    "lang": "en",
    "updated": 0
  },
  {
    "id": "e1ce1a1a-594c-4d42-8b6d-4c5a2dd67a4f",
    "data": [
      {
        "text": "I want to book a zoom appointment",
        "userDefined": false
      }
    ],
    "isTemplate": false,
    "count": 0,
    "lang": "en",
    "updated": 0
  },
  {
    "id": "0d98f9ea-bcbe-4cf2-bc9f-ff9911e6ed7e",
    "data": [
      {
        "text": "Can we do a zoom meeting?",
        "userDefined": false
      }
    ],
    "isTemplate": false,
    "count": 0,
    "lang": "en",
    "updated": 0
  },
  {
    "id": "dc45fab0-4946-42e4-8a33-55c707541bec",
    "data": [
      {
        "text": "Are you available for a zoom meeting?",
        "userDefined": false
      }
    ],
    "isTemplate": false,
    "count": 0,
    "lang": "en",
    "updated": 0
  }
]